id,subject,category,question,choice_a,choice_b,choice_c,choice_d,answer,correct_feedback,incorrect_feedback
1,Powerplant,Pao_D_gentleman_4,Determine the heat extracted from 2000 kg of water from 25 degC to ice at -10 degC.,"621,150 kj","721,150 kj","821 ,150 kj","921,150 kj",D,Nice Napakahusay tama!,Ay naku mali pa!
2,Powerplant,Pao_D_gentleman_4,"A single acting, twin cylinder, ammonia compressor with bore equal to stroke is driven by an engine at 250 rpm. The machine is installed in a chilling plant to produce 700 kw of refrigeration at -18degC evaporating temperature. At this temperature the cooling effect per kg mass is 1160 kj. The specific volume of vapor entering the compressor is 0.592 m^3 per kilogram. Assume 85% volumetric efficiency, determine the bore in mm.",400 mm,300 mm,450 mm,500 mm,A,Nice Napakahusay tama!,Ay naku mali pa!
3,Powerplant,Pao_D_gentleman_4,An iron block weight 7 newtons and has a volume of 200 cubic centimeters. What is the density of the block.,3465 kg/m^3,3565 kg/m^3,1255 kg/m^3,2550 kg/m^3,B,Nice Napakahusay tama!,Ay naku mali pa!
4,Powerplant,Pao_D_gentleman_4,The density of the gas is 0.003 slugs per cubic foot what is the specific weight of the gas?,9.04 N/m3,15.2 N/m3,76.3 N/m3,98.2 N/m3,B,Nice Napakahusay tama!,Ay naku mali pa!
5,Powerplant,Pao_D_gentleman_4,The specific gravity of mercury relative to water is 13.5. what is the specific weight of mercury ? (the specific weight of water is 62.4 lbf per cubic foot.),82.2 kN/m3,102.3 kN/m3,132.9 kN/m3,150.9 kN/m3,C,Nice Napakahusay tama!,Ay naku mali pa!
6,Powerplant,Pao_D_gentleman_4,"The specific weight of a liquid is 58.5 lb per cubic foot, what is the specific volume of the liquid ?",0.5321 cm3/g,0.6748 cm3/g,0.9504 cm3/g,1.0675 cm3/g,D,Nice Napakahusay tama!,Ay naku mali pa!
7,Powerplant,Pao_D_gentleman_4,Which of the following are not units of pressure ?,Pa,Bars,Kg/m.s^2,Kg/m^2,C,Nice Napakahusay tama!,Ay naku mali pa!
8,Powerplant,Pao_D_gentleman_4,"A cylinder weight 150 lb. its cross-section area is 40 square inches. When the cylinder stand vertically on one end, what pressure does the cylinder exert on the floor ?",14.1 kpa,25.8 kpa,63.2 kpa,89.7 kpa,B,Nice Napakahusay tama!,Ay naku mali pa!
9,Powerplant,Pao_D_gentleman_4,What pressure is a column of water 100 centimeters high equivalent to ?,9810 Dyne/cm2,9810 N/m2,0.1 bars,O.1 atm,B,Nice Napakahusay tama!,Ay naku mali pa!
10,Powerplant,Pao_D_gentleman_4,"Water is flowing in a pipe with a radius of 10” at a velocity of 5m/s. at the temperature in the pipe, the density and viscosity of the water are as follows:P=997.9 kg/m3U=1.131 pa.sWhat is the Reynold’s number for this situation?",44.1,88.2,1140,2241,D,Nice Napakahusay tama!,Ay naku mali pa!
11,Powerplant,Pao_D_gentleman_4,How long must a current of 5.0 amperes pass through a 10 ohm resistor until a charge of 1200 coulombs passes through ?,1 min,2 min,3 min,4 min,D,Nice Napakahusay tama!,Ay naku mali pa!
12,Powerplant,Pao_D_gentleman_4,A car moving at 70 km/hr has a mass of 1700 kg. what force is necessary decelerate it at rate of 0.4 m/s2.,O.680 N,42.5 N,680 N,4250 N,C,Nice Napakahusay tama!,Ay naku mali pa!
13,Powerplant,Pao_D_gentleman_4,One hundred millimeters of water in a plastic bag negligible mass is to be catapulted upwards with an initial acceleration of 20.0 m/s2. What force is necessary to do this ? assume that gravity is 9.81 m/s2 and the density of water is 1 g/cm3.,2.00 N,2.98 N,15.0 N,2.00 kN,A,Nice Napakahusay tama!,Ay naku mali pa!
14,Powerplant,Pao_D_gentleman_4,A boy pulls a sled with a mass of 20kg horizontally over a surface with a coefficient of friction of 0.20. it takes him 10 minutes to pull the sled 100 yards. What is his average power output over these 10 minutes ?,4 W,6 W,8 W,10 W,B,Nice Napakahusay tama!,Ay naku mali pa!
15,Powerplant,Pao_D_gentleman_4,A force of 200lb acts on a block at an angle of 28 deg. With respect to horizontal. The block is pushed 2 feet horizontally. What is the work done by this force?,215 J,320 J,480 J,540 J,C,Nice Napakahusay tama!,Ay naku mali pa!
16,Powerplant,Pao_D_gentleman_4,"Two particles collide, stick together , and continue their motion together.Each particle has a mass of 10 g, and their respective velocities before the collision were 10 m/s and 100 m/s. what is the energy of the system after the collision ?",21.8 J,30.2 J,42.8 J,77.9 J,B,Nice Napakahusay tama!,Ay naku mali pa!
17,Powerplant,Pao_D_gentleman_4,"A copper bar is 90 centimeters long at 80 degF. What is the increase in its length when the bar is heated to 95 degF. The linear expansion coefficient for copper, alpha, is 1.7x10^-5 1/degC.",2.12x10-5 m,3.22x10-5 m,5.25x10-5 m,7.65x10-5 m,D,Nice Napakahusay tama!,Ay naku mali pa!
18,Powerplant,Pao_D_gentleman_4,Calculate the energy transfer ate across a 6” wall of firebrick with a temperature difference across the wall of 50degC. The conductivity of firebrick is 0.65 BTU/hr-ft-degF at the temperature of interest.,112 W/m2,285 W/m2,369 W/m2,429 W/m2,C,Nice Napakahusay tama!,Ay naku mali pa!
19,Powerplant,Pao_D_gentleman_4,"A house has brick walls 15 millimeters thick. On a cold winter day, the temperature f the inner and outer surface of the walls are measured and found to be 20 degC and -12 degC, respectively. If there is 120 m2 of exterior wall space, and the thermal conductivity of bricks is 0.711 j/m.s.degC. how much heat is lost through the walls per hour ?",182 J,12.5 J,655 J,655 MJ,D,Nice Napakahusay tama!,Ay naku mali pa!
20,Powerplant,Pao_D_gentleman_4,"If a one-third horse power pump runs for 20 minutes, what is the energy used ?",0.06 ergs,0.25 Kw,0.30 MJ,0.11 Kw.h,C,Nice Napakahusay tama!,Ay naku mali pa!
21,Powerplant,Pao_D_gentleman_4,"A power of 6kw is supplied to the motor of a crane. The has an efficiency of 90%. With what constant speed does the crane lift an 800 lb,weight ?",0.09 cm/s,0.32 cm/s,0.98 cm/s,1.52 cm/s,D,Nice Napakahusay tama!,Ay naku mali pa!
22,Powerplant,Pao_D_gentleman_4,"An engine has an efficiency of 25%. It uses 2 gallons of gasoline per hour. Gasoline Has a heating value of 20,500 BTU/lbm and a specific gravity of 0.8. what is the power output of the engine ?",0.33 Kw,20.8 Kw,26.0 Kw,41.7 Kw,B,Nice Napakahusay tama!,Ay naku mali pa!
23,Powerplant,Pao_D_gentleman_4,"Two liters of an ideal gas, at a temperature of t1=25 degC and a pressure of P1=0.101 Mpa, are in a 10 cm diameter cylinder with a piston at one end. The piston is depressed, so that the cylinder is shortened by 10 centimeters. The temperature increases by 2 degC. What is the change in pressure ?",0.156 MPA,0.167 MPA,0.251 MPA,0.327 MPA,B,Nice Napakahusay tama!,Ay naku mali pa!
24,Powerplant,Pao_D_gentleman_4,What is the average power output of this engine ?,89.5 N/s,89.5 KW,89.5x10^3 j. m/s,89.5 KJ,B,Nice Napakahusay tama!,Ay naku mali pa!
25,Powerplant,Pao_D_gentleman_4,"What is the power required to transfer 97,000 coulombs of charge through a potentials rise of 50 volts in one hour?",0.5 KW,0.9 KW,1.3 KW,2.8 KW,C,Nice Napakahusay tama!,Ay naku mali pa!
26,Powerplant,Pao_D_gentleman_4,A current of 7 amperes passes through a 12 ohm resistor. What is the power dissipated in the resistor ?,84 KW,0.59 hp,0.79 hp,7 hp,B,Nice Napakahusay tama!,Ay naku mali pa!
27,Powerplant,Pao_D_gentleman_4,"What is the pressure at point A in the tank if h=2 feet? (g=32.3 ft/sec2, and p=1.94 slug/ft3)",75 lbf/ft2,85 lbf/ft2,100 lbf/ft2,125 lbf/ft2,D,Nice Napakahusay tama!,Ay naku mali pa!
28,Powerplant,Pao_D_gentleman_4,"Determine the average velocity through a circular section in which the velocity distribution is given if a v=Vmax[1-(R/Ro)^2]. The distribution is symmetric with respect to the longitudinal axis, r=0, Ro is the outer radius, Vmax is the velocity along the longitudinal axis.",Vmax/4,Vmax/3,Vmax/2,Vmax,C,Nice Napakahusay tama!,Ay naku mali pa!
29,Powerplant,Pao_D_gentleman_4,"A pipe has a diameter of 4” at section AA, and a diameter of 2” at section BB. For an ideal fluid flow, the velocity is given as 1 ft/sec at section AA. What is the flow velocity at section BB?",4 ft/sec,O.5 ft/sec,1.0 ft/sec,2.0 ft/sec,A,Nice Napakahusay tama!,Ay naku mali pa!
30,Powerplant,Pao_D_gentleman_4,"A mixing tank mixes two inlet streams containing salt. The salt concentration in stream 1 is 5% by weight, and stream 2 it is 15% by weight. Stream 1 flows at 25 kg/s , and stream 2 flows at 10 kg/s. there is only one exit stream. Find the salt concentration in the exit stream?",5%,8%,11%,13%,B,Nice Napakahusay tama!,Ay naku mali pa!
31,Powerplant,Pao_D_gentleman_4,"Water is pumped at 1 m^3/s to an elevation of 5 meters through a flexible hose using a 100% efficient pump rated at 100 kilowatts. Using the same length of hose, what size motor is needed to pump 1m^3/s of water to a tank with no elevation gain? In both cases both ends of the hose are at temperature pressure. Neglect kinetic energy effect.",51 KW,22 KW,36 KW,43 KW,A,Nice Napakahusay tama!,Ay naku mali pa!
32,Powerplant,Pao_D_gentleman_4,A fluid with a kinetic viscosity of 2.5x10^-5 ft2/sec is flowing at 0.1 ft/sec from an orifice 3” in diameter. How can a fluid be described ?,The fluid is completely turbulent,The fluid is in transition zone,The fluid is laminar,Turbulent cannot be calculated; it must be measured,C,Nice Napakahusay tama!,Ay naku mali pa!
33,Powerplant,Pao_D_gentleman_4,"The Reynolds number of a sphere falling in air is 1x10^6. If the sphere’s radius is 1ft, what is its velocity? (P air=0.00234 slug/ft3, U air=3.8x10lbf-sec/ft3)",2.5 ft/sec,5.1 ft/sec,40.6 ft/sec,81.2 ft/sec,D,Nice Napakahusay tama!,Ay naku mali pa!
34,Powerplant,Pao_D_gentleman_4,"The flow rate of water through a cast iron is 5000 gallons per mnute. The diameter of the pipe is 1 foot, and the coefficient of friction is f=0.0173. what is the pressure drop over a 100 foot length of pipe ?",21.078 lbf/ft2,23.78 lbf/ft2,337.26 lbf/in2,337.26 lbf/ft2,D,Nice Napakahusay tama!,Ay naku mali pa!
35,Powerplant,Pao_D_gentleman_4,A cylindrical flash tank mounted with its axis horizontal is used to separate liquid ammonia from ammonia vapor. The ammonia vapor bubbles through the liquid with 70 m3/min leaving the disengaging surface. The disengaging rate is limited to 60 m/min and the liquid level is to operate with the liquid level one-third of the diameter from the top. Determine the diameter if the tank is 1.5 m long.,830 mm,730 mm,860 mm,760 mm,A,Nice Napakahusay tama!,Ay naku mali pa!
36,Powerplant,Pao_D_gentleman_4,"A 150 HP motor is used to drive a compressor. If the heat loss from the compressor is 25 KW and the mass flow rate of the refrigerant entering the compressor is 0.50 kg/s, determine the difference of the enthalpies between the inlet and outlet of the compressor.",143.80 kj/kg,153.80 kj/kg,173.80 kj/kg,183.80 kj/kg,C,Nice Napakahusay tama!,Ay naku mali pa!
37,Powerplant,Pao_D_gentleman_4,"To cool farm products, 300 kg of ice at -4.4 degC are placed in bunker. Twenty four hours late the ice have melted into water at 7.2 degC. what is the average rate of cooling provided by the ice in kj/kh?",2679.28 kj/hr,5679.28 kj/hr,3679.28 kj/hr,4679.28 kj/hr,D,Nice Napakahusay tama!,Ay naku mali pa!
38,Powerplant,Pao_D_gentleman_4,"Determine the estimated condenser load for an open type compressor having a cooling capacity of 16,500 Btu/hr and a heat rejection factor of 1.32.","22,280 Btu/hr","20,780 Btu/hr","21,780 Btu/hr","19,780 Btu/hr",C,Nice Napakahusay tama!,Ay naku mali pa!
39,Powerplant,Pao_D_gentleman_4,"If the load on water-cooled condenser in 150,000 Btu/hr and the temperature rise of te water in the condenser is 10 degF, what is the quantity of water circulated in gpm?",30 GPM,40 GPM,20 GPM,50 GPM,A,Nice Napakahusay tama!,Ay naku mali pa!
40,Powerplant,Pao_D_gentleman_4,"The load on a water-cooled is 90,000 Btu/hr. if the quantity of water circulated through the condenser is 15gpm, determine the temperature rise of the water in the condense.",12 degF,14 degF,16 degF,18 degF,A,Nice Napakahusay tama!,Ay naku mali pa!
41,Powerplant,Pao_D_gentleman_4,"The weight of ammonia circulated in a machine is found to be 21.8 lb/hr. if the vapor enters the compressor with a specific volume of 9.4 ft3/ld, calculate the piston displacement ,assuming 80% volume efficiency.",261.6 ft3/hr,271.6 ft3/hr,281.8 ft3/hr,291.6 ft3/hr,A,Nice Napakahusay tama!,Ay naku mali pa!
42,Powerplant,Pao_D_gentleman_4,"A single-stage ammonia stage compressor is producing 10 tons of refrigeration and the power consumed is 15 HP. Suction pressure is 25psi, condensing pressure is 180 psi. Brine temperature is 20 degF off brine cooler. Determine the actual coefficient of performance.",10.14,11.14,12.14,13.14,D,Nice Napakahusay tama!,Ay naku mali pa!
43,Powerplant,Pao_D_gentleman_4,In an ammonia condensing machine (compressor plus condenser) the water used for condensing is 55 degF and the evaporator is at 15 degF. Calculate the ideal COP.,11.875,12.875,10.875,13.875,A,Nice Napakahusay tama!,Ay naku mali pa!
44,Powerplant,Pao_D_gentleman_4,How much refrigeration capacity is required to cool 2000 cfm of air from 85 degF to 70 degF ?,2.7 TOR,3.7 TOR,1.7 TOR,4.7 TOR,A,Nice Napakahusay tama!,Ay naku mali pa!
45,Powerplant,Pao_D_gentleman_4,Determine the coil face area required to maintain a face velocity of 400 ft/min. if the air flow rate over the coil is 2100 ft3/min.,3.25 ft2,4.25 ft2,5.25 ft2,6.25 ft2,C,Nice Napakahusay tama!,Ay naku mali pa!
46,Powerplant,Pao_D_gentleman_4,"Calculate the heat transfer per hour through a solid bricks wall 6m long, 1.9m high, and 225 mm thick, when the outer surface is at 5 degC and the inner surface 17 degC, the coefficient of thermal conductivity o the bricks being 0.6 W/m-K.","2,004.48 kJ","3,004.48 kJ","2,400.48 kJ","3,400.48 kJ",A,Nice Napakahusay tama!,Ay naku mali pa!
47,Powerplant,Pao_D_gentleman_4,"A vertical furnace wall is made up of an inner wall of firebrick 20cm thick followed by insulating brick 15 cm thick and an outer wall of steel 1 cm thick. The surface temperature of the wall adjacent to the combustion chamber is 1200 degC while that of the outer surface of steel is 50 degC. The thermal conductivities of the wall material in W/m-k are firebrick, 10; insulating brick, 0.26; and steel,45. Neglecting the film resistances and contact resistance of joints, determine the heat loss per sq.m. of wall area.",1.93 W/m2,2.93 W/m2,1.55 W/m2,2.55 W/m2,A,Nice Napakahusay tama!,Ay naku mali pa!
48,Powerplant,Pao_D_gentleman_4,A composite wall is made up of an external thickness of brickwork 110 mm thick inside which is a layer of fireglass 75 mm thick. The fireglass is faced internally by an insulating board 25 mm thick. The coefficient of thermal conductivity for the three are as follows;Brickwork1.5 W/m-kFireglass0.04 W/m-kInsulating board0.06 W/m-kThe surface transfer coefficient of the inside wall is 3.1 W/m2-k while that of the outside wall is 2.5 W/m2-k. take the internal ambient temperature as 0 degC and the external temp. is 27 degC. Determine the heat loss through such wall 6 m high and 10 m lng.,330.10 W,230.10 W,430.10 W,530.10 W,A,Nice Napakahusay tama!,Ay naku mali pa!
49,Powerplant,Pao_D_gentleman_4,"One insulated wall of a cold- storage compartment is 8m long by 2.5 high and consists of an outer steel plate 18 mm thick. An inner wood wall 22.5 mm thick, the steel and wood are 90 mm apart to form a cavity which is filled with cork. If the temperature drops across the extreme faces of the composite wall is 15 degC. Calculate the heat transfer per hour through the wall and the temperature drop across the thickness of the cork. take the coefficient of thermal conductivity for steel, cork and wood as 45, 0.045, and 0.18 W/m-k respectively.","408.24 KJ, 12.12 degC","708.24 KJ, 11.12 degC","608.24 KJ, 13.12 degC","508.24 KJ, 14.12 degC",D,Nice Napakahusay tama!,Ay naku mali pa!
50,Powerplant,Pao_D_gentleman_4,"A furnace wall consist of 35 cm firebrick ( k = 1.557 W/m-k) , 12 cm insulating refractory (k = 0.346) and 20 cm common brick ( k = 0.692 ) covered with 7 cm steel plate( k = 45 ) . the temperature at the inner surface of the firebrick is 1,230 degC and at the outer face of the steel plate is 60 degC. Atmosphere 27 degC. What is the value of the combined coefficient convection and radiation from the outside wall?",31.13 W/m^2-K,30.13 W/m^2-K,41.3 W/m^2-K,40.13 W/m^2-K,C,Nice Napakahusay tama!,Ay naku mali pa!
51,Powerplant,Pao_D_gentleman_4,Hot gases at 280 degC flow on one side of a metal plate of 10mm thickness and air at 35 degC flows the other side. The heat transfer coefficient of the gases is 31.5 W/m^2-k and that of the air is 32 W/m^2-K. calculate the over all transfer coefficient.,15.82 W/m^2-K,16.82 W/m^2-K,14.82 W/m^2-K,17.82 W/m^2-K,A,Nice Napakahusay tama!,Ay naku mali pa!
52,Powerplant,Pao_D_gentleman_4,"The surface temperature of the hot side of the furnace wall is 1200 degC. It is desired to maintain the outside of the wall at 38 degC. A 152 mm of refractory slice is used adjacent to the combustion chamber and 10 mm of steel covers the outside. What thickness of insulating bricks is necessary between refractory and steel, if the heat loss should be kept at 788 W/m^2?",220 mm,240 mm,260 mm,380 mm,A,Nice Napakahusay tama!,Ay naku mali pa!
53,Powerplant,Pao_D_gentleman_4,"An insulated steam pipe located where the ambient temperature is 32 degC, has an inside diameter of 50 mm with 10 mm thick wall. The outside diameter of the corrugated asbestos insulation is 125 mm and the surface coefficient of still air , ho = 12 W/m^2-K. inside the pipe is steam having a temperature of 150 degC with film coefficient of hi = 6000 W/m^2-K. thermal conductivity of pipe and asbestos insulation are 45 and 0.12 W/m-K respectively. Determine the heat loss per unit length of pipe.",110 W,120 W,130 W,140 W,B,Nice Napakahusay tama!,Ay naku mali pa!
54,Powerplant,Pao_D_gentleman_4,How many watts will be radiated from a spherical black body 15 cm in diameter at a temperature of 800 degC?,5.34 KW,4.34 KW,6.34 KW,3.34 KW,A,Nice Napakahusay tama!,Ay naku mali pa!
55,Powerplant,Pao_D_gentleman_4,"A wall with an area of 10 m^2 is made of 2 cm thickness of white pine (k=0.113 W/m^2-C) followed by 10 cm of brick (k=0.649 W/m-C). the pine us in the inside where the temperature is 30 degC while the outside temperature is 10 degC. Assuming equilibrium conditions exist, what is the temperature at the interface between the two metals?",15.55 degC,17.54 degC,18.21 degC,19.31 degC,D,Nice Napakahusay tama!,Ay naku mali pa!
56,Powerplant,Pao_D_gentleman_4,A counter flow heat exchanger is designed to heat fuel oil from 45 degC to 100 degC while the heating fluid enters at 150 degC and leaves at 155 degC. Calculate the arithmetic mean temperature difference.,40 degC,50 degC,60 degC,70 degC,C,Nice Napakahusay tama!,Ay naku mali pa!
57,Powerplant,Pao_D_gentleman_4,"With three different quantities x,y, and z of the same kind of liquid of temperature 9,21 and 38 degC respectively, it is found that when x, and y are mixed together the resultant temperature is 17 degC and when y and z are mixed together the resultant temperature is 28 degC. Find the resultant temperature if x and z were mixed.",29.87 degC,25.92 degC,20.85 degC,24.86 degC,B,Nice Napakahusay tama!,Ay naku mali pa!
58,Powerplant,Pao_D_gentleman_4,"The journals of a shaft are 380 mm diameters, it runs at 150 rpm the coefficient of friction between journals and bearing is 0.02. if the average load on the bearing is 200 KN, find the heat generated per minute at the bearing.",501.375 KJ,505.575 KJ,401.375 KJ,501.575 KJ,A,Nice Napakahusay tama!,Ay naku mali pa!
59,Powerplant,Pao_D_gentleman_4,"A reversible Carnot cycle requires 3 hp and extracts energy from a lake to heat a house. If the house is kept at 70 degF and requires 2000 btu per minute, what is the temperature of the lake?",35.29 degF,36.29 degF,39.29 degF,40.29 degF,B,Nice Napakahusay tama!,Ay naku mali pa!
60,Powerplant,Pao_D_gentleman_4,An oxygen cylinder of volume 2.3 ft^3 has a pressure of 2200 psig and is at 50 degF. Determine the mass of oxygen in the cylinder.,"25,66 Lbs",26.66 Lbs,27.66 Lbs,28.66 Lbs,D,Nice Napakahusay tama!,Ay naku mali pa!
61,Powerplant,Pao_D_gentleman_4,A group of 50 persons attend a secret meeting in room which is 12m wide by 10m long and a ceiling height of 3m. the room is completely sealed off and insulated. Each person gives off 150 Kcal per hour of heat and occupies a volume of 0.20 m^3. The room has an initial pressure of 101.3 Kpa and temperature of 16 degC. Calculate the room temperature after 10 minutes. Use R=0.287 Kj/kg-K and Cv=0.171 Kcal/kg-K.,33.1 degC,37.7 degC,38.7 degC,31.7 degC,A,Nice Napakahusay tama!,Ay naku mali pa!
62,Powerplant,Pao_D_gentleman_4,"One kilogram of wet steam at a pressure of 8 bar and dryness of 0.94 is expanded until the pressure is 4 bar. If expansion follows the law PVn=C, where n = 1.12, find the dryness fraction of the steam at the lower pressure.",0.9072,0.4197,0.2260,0.2404,A,Nice Napakahusay tama!,Ay naku mali pa!
63,Powerplant,Pao_D_gentleman_4,2.5 liters of superheated steam at 25 bar and 400 degC is expanded in an engine to a pressure of 0.1 bar when its dryness fraction is 0.9. find the final volume of the steam.,163.74 liters,263.74 liters,363.74 liters,463.74 liters,B,Nice Napakahusay tama!,Ay naku mali pa!
64,Powerplant,Pao_D_gentleman_4,A 1.5 kg of wet steam at a pressure of 5 bar dryness 0.95 is blown into 70 liters of water of 12 degC. Find the final enthalpy of the mixture.,74.80 KJ/kg,84.80 Kj/Kg,94.80 Kj/kg,104.80 Kj/kg,D,Nice Napakahusay tama!,Ay naku mali pa!
65,Powerplant,Pao_D_gentleman_4,"A 640 BHP diesel engine uses fuel oil of 28 deg API gravity, fuel consumption us 0.65 lb/BHP-hr. cost of fuel is P 7.95 per liter. For continuous operation, determine the minimum volume of cubical day tank in cm^3, ambient temperature is 45 degC.","4,372,890 cm^3","5,987,909 cm^3","5,291,880 cm^3","7,352,789 cm^3",C,Nice Napakahusay tama!,Ay naku mali pa!
66,Powerplant,Pao_D_gentleman_4,"A typical industrial fuel oil C16H32 with 20% excess air by weight. Assuming complete oxidation of the fuel, calculate the actual air-fuel ratio by weight.",17.56 kg air/kg fuel,15.76 kg air/ kg fuel,16.75 kg air/kg fuel,17.65 kg air/ kg fuel,D,Nice Napakahusay tama!,Ay naku mali pa!
67,Powerplant,Pao_D_gentleman_4,Fuel oil in a day tank for use of an industrial boiler is tested with hydrometer. The hydrometer reading indicate a S.G = 0.924 when the temperature of the oil in the tank is 35 degC. Calculate the higher heating value of the fuel.,"43,852.13 Kj/kg","53,852.13 Kj/Kg","58,352.13 Kj/Kg","48,352.13 Kj/Kg",D,Nice Napakahusay tama!,Ay naku mali pa!
68,Powerplant,Pao_D_gentleman_4,"A diesel electric plant supplies energy for meralco. During a 24 hr period, the plant consumed 200 gallons of fuel at 28 degC and produced 3930 KW-hr. industrial fuel used is 28 deg API and was purchased at P 5.50 per liter at 15.6 degC. What should be the cost of fuel be produced one KW-hr?",P 1.05,P 1.10,P 1.069,P 1.00,A,Nice Napakahusay tama!,Ay naku mali pa!
69,Powerplant,Pao_D_gentleman_4,"A certain coal has the following ultimate analysis:C = 70.5%H = 4.5 %O2 = 6%N2 = 1.0 %S = 3.0 %Ash = 11 %Moisture = 4%A stoker fired boiler of 175,000 kg/hr steaming capacity uses this coal as fuel. Calculate the volume of air in m^3/hr with air at 60 degF (15.6 degF) and 14.7 psia (101.325 Kpa) the coal is burned with 30 % excess air. boiler efficiency of 70 % and factor of evaporation of 1.10.","212, 861.04 m^3/kg","221, 861.04 m^3/kg","218,261.04 m^3/kg","281,261.04 m^3/kg",A,Nice Napakahusay tama!,Ay naku mali pa!
70,Powerplant,Pao_D_gentleman_4,Diesel power plant consumed 1 m^3 of fuel with 30 Deg API at 27 degC in 24 hrs. calculate the fuel rate in kg/hr.,840 kg/m^3,873 kg/m^3,970 kg/m^3,940 kg/m^3,C,Nice Napakahusay tama!,Ay naku mali pa!
71,Powerplant,Pao_D_gentleman_4,Diesel power plant consumed 1 m^3 of fuel with 30 Deg API at 27 degC in 24 hrs. calculate the fuel rate in kg/hr.,36.21,26.25,29.34,39.42,A,Nice Napakahusay tama!,Ay naku mali pa!
72,Powerplant,Pao_D_gentleman_4,"A water tube boiler has a capacity of 1000 kg/hr of steam. The factor of evaporation is 1.3 boiler rating is 200%, boiler efficiency is 65% heating surface area is 0.91 m^3 per bo.Hp, and the heating value of fuel is 18,400 Kcal/kg. the total coal available in the bunker is 50,000 kg. determine the no, of hrs to consume the available fuel.",853.36 hrs,706.57 hrs,979.46 hrs,100.75 hrs,A,Nice Napakahusay tama!,Ay naku mali pa!
73,Powerplant,Pao_D_gentleman_4,"Two boilers are operating steadily on 91,000 kg of coal contained in a bunker. One boiler is producing 1591 kg of steam per hour at 1.2 factor of evaporation and an efficiency of 65% and another boiler produced 1364 kg of steam per hour and 1.15 factor of evaporation and an efficiency of 60%. How many hours will the coal in the bunker run the boiler if the heating value of the coal is 7,590 Kcal/kg?",230.80 hrs,280.54 hrs,350.35 hrs,300.54 hrs,A,Nice Napakahusay tama!,Ay naku mali pa!
74,Powerplant,Pao_D_gentleman_4,"The heating value of fuel supplied in a boiler is 40,000 kj/kg. if the factor of evaporation is 1.10 and the actual specific evaporation is 10, what is the efficiency of the boiler?",62.70%,53.08 %,78.05 %,54.97 %,A,Nice Napakahusay tama!,Ay naku mali pa!
75,Powerplant,Pao_D_gentleman_4,"What is the rate of evaporation of a water tube boiler if the factor of evaporation is 1.10, percent rating of 100% and the heating surface area is 250 m^2?","7,816.16 kg/hr","7,898.67 kg/hr","6,789.45 kg/hr","5,768.54 kg/hr",A,Nice Napakahusay tama!,Ay naku mali pa!
76,Powerplant,Pao_D_gentleman_4,Steam is admitted to the cylinder of an engine in such a manner the average pressure is 120 psi. the diameter of the piston is 10 in. and the length of stroke is 12 in. what is the Hp of the engine when it is making 300 rpm?,171.4 Hp,175 Hp,173.2 Hp,174.4 Hp,A,Nice Napakahusay tama!,Ay naku mali pa!
77,Powerplant,Pao_D_gentleman_4,Steam enters the turbine stage with an enthalpy of 3628 Kj/kg at 70 m/s and leaves the same stage with an enthalpy of 2846 kj/kg and a velocity of 125 m/s. calculate the power if there are 5kg/s steam admitted at the turbine throttle?,4597.45 KW,3976.55 KW,3883.31 KW,1675.42 KW,C,Nice Napakahusay tama!,Ay naku mali pa!
78,Powerplant,Pao_D_gentleman_4,"Steam with an enthalpy of 800 kCal/kg enters a nozzle with a velocity of 80m/s. Find the velocity of steam at the exit of the nozzle if its enthalpy is reduced to 750kCal/kg, assuming the nozzle is horizontal and disregarding heat losses. Take g=9.81 m/s 2 and constant J=427 kgm/kCal.",452.37 m/s,245.45 m/s,651.92 m/s,427.54 m/s,C,Nice Napakahusay tama!,Ay naku mali pa!
79,Powerplant,Pao_D_gentleman_4,"Steam is expanded through a nozzle of the enthalpy drop per kg of steam from the intial pressure to the final pressure is 60 kj. Neglecting friction, find the velocity of discharge and exit area of the nozzle to pass 0.20kg/s if the specific volume of the steam at exit is 1.5 m3/kg.","346.4 m/s, 879 m2","356.7 m/s, 278 m2","765.6 m/s, 467 m2","346.4 m/s, 866 m2",D,Nice Napakahusay tama!,Ay naku mali pa!
80,Powerplant,Pao_D_gentleman_4,"A 6MW steam turbine generator power plant has a full-load rate of 8 kg/kW-hr. Assuming that no load steam consumption as 15% of full-load steam consumption., compute the hourly steam consumption at 75% load in kg/hr.","37,800 kg/hr","38,700 kg/hr","30,780 kg/hr","30,870 kg/hr",A,Nice Napakahusay tama!,Ay naku mali pa!
81,Powerplant,Pao_D_gentleman_4,A 4kg air enters a turbine with enthalpy of 600KJ and velocity of 250 m/s. The enthalpy at ecit is 486 KJ and velocity of 170m/s. What is the work developed if there is a heat loss of 10KJ?,128.83 kJ,171.2 kJ,80.2 kJ,28.3 kJ,B,Nice Napakahusay tama!,Ay naku mali pa!
82,Powerplant,Pao_D_gentleman_4,"Calculate drive horsepower for pumping 1703 L/min vold water to a tank suction at 127 mm Hg vacuum, delivery at 5.3 kg/cm2 ga., both measured close to pump, ep=0.65.",31.42 HP,20.42 HP,35.42 HP,23.02 HP,A,Nice Napakahusay tama!,Ay naku mali pa!
83,Powerplant,Pao_D_gentleman_4,"Find the length of a suspension bunker to contain 181 tons of coal without surcharge, width of 4.6 m; depth of 4.3 m. The level capacity of a suspension bunker is 5/8 wdL. Density of coal is 800 kg/m3.",18.30 m,12.80 m,17.61 m,12.61 m,A,Nice Napakahusay tama!,Ay naku mali pa!
84,Powerplant,Pao_D_gentleman_4,"A 305 mm x 457 mm four single acting diesel is rated at 150 kW at 260 rpm. Fuel consumption is at rated load 0.26 kg/kW-hr with a heating value of 43,912 kJ/kg. Calculate the brake thermal efficiency.",31.63%,41.64%,21.63%,35.63%,A,Nice Napakahusay tama!,Ay naku mali pa!
85,Powerplant,Pao_D_gentleman_4,The break thermal efficiency of a 1MW diesel electric plant is 35%. Find the heat generated by fuel in kW if generator efficiency is 89%.,3121.10 kW,3528.64 kW,4121.10 kW,4528.64 kW,A,Nice Napakahusay tama!,Ay naku mali pa!
86,Powerplant,Pao_D_gentleman_4,"In an air standard brayton cycle, the compressor receives air at 101.325 kPa, 21C and it leaves at 600kPa at the rate of 4kg/s. Det the turbine work if the temperature of the air entering the turbine is 1000C.",3000 kW,2701 kW,2028 kW,3500 kW,C,Nice Napakahusay tama!,Ay naku mali pa!
87,Powerplant,Pao_D_gentleman_4,"Kerosene is the fuel of gas turbine plant: fuel air ratio, mf=0.012, T3=972K, pressure ratio rp=4.5, exhaust to atmosphere. Find the available energy in kJ/kg air flow. Assume k=1.34 and Cp=1.13.",352.64 kJ/kg,452.64 kJ/kg,252.64 kJ/kg,552.64 kJ/kg,A,Nice Napakahusay tama!,Ay naku mali pa!
88,Powerplant,Pao_D_gentleman_4,An ideal gas turbine operates with a pressure ratio of 10 and the energy input in the high temperature heat exchanger is 300 kW. Calculate the air flow rate for a temperature limits of 30C and 1200C,0.25 kg/s,0.34 kg/s,0.41 kg/s,0.51 kg/s,B,Nice Napakahusay tama!,Ay naku mali pa!
89,Powerplant,Pao_D_gentleman_4,"In air standard brayton cycle, the inlet temperature and pressure are 20C and 101.325kPa. The turbine inlet condition is 1200 kPa and 900C. Det the air flow rate if the turbine produces 12 MW.",21.41 kg/s,20.20 kg/s,19.25 kg/s,18.10 kg/s,B,Nice Napakahusay tama!,Ay naku mali pa!
90,Powerplant,Pao_D_gentleman_4,"A gas turbine power plant operating on the brayton cycle delivers 15 MW to a standby electric generator. What is the mass flow rate and the volume flow rate of air if the minimum and maximum pressures are 100 kPa and 500 kPa respectively, and temperature of 20C and 1000C.","31.97 kg/s, 26.88 m3/s","36.98 kg/s, 28.99 m3/s","41.97 kg/s, 26.88 m3/s",46.98 kg/s 28.99 m3/s,A,Nice Napakahusay tama!,Ay naku mali pa!
91,Powerplant,Pao_D_gentleman_4,"IN a hydraulic plant, the difference in elevation between the surface of the water at intake and the tallrace is 650 ft when the flow is 90 cfs, the friction loss in the penstock is 65 ft and the head utilized by the turbine is 500 ft. The mechanical friction in the turbine 110 HP, and the leakage loss is 4cfs. Find the hydraulic efficiency.",87.45 %,84.57 %,85.47 %,78.54 %,C,Nice Napakahusay tama!,Ay naku mali pa!
92,Powerplant,Pao_D_gentleman_4,"Ahydro-electric power plant consumes 60,000,000 kW-hr/year. What is the net head if the expected flow is 1500 m3/min and over-all efficiency is 63%.",34.34 m,43.43 m,44.33 m,33.44 m,C,Nice Napakahusay tama!,Ay naku mali pa!
93,Powerplant,Pao_D_gentleman_4,A pelton type turbine has a gross head of 40 m and a friction head loss of 6m. What is the penstock diameter if the penstock length is 90m and the coefficient of friction head loss is 0.001 (Morse).,2040 mm,3120 mm,2440 mm,2320 mm,A,Nice Napakahusay tama!,Ay naku mali pa!
94,Powerplant,Pao_D_gentleman_4,The water velocity of a 5m x1m channel is 6m/s. What is the annual energy produced ifthe net head is 20m and the over-all efficiency is 80%?,"494,247,258 kW-hr","247,497,502 kW-hr","247,494,528 kW-hr","472,497,582 kW-hr",C,Nice Napakahusay tama!,Ay naku mali pa!
95,Powerplant,Pao_D_gentleman_4,"Hydro-electric impulse turbine is directly coupled to a 24 pole, 60Hz alternator. It has a specific speed of 60 rpm and develops 3000 Hp. What is the required diamtere assuming a peripheral speed ratio of 0.45.",0.661 m,0.552 m,0.443 m,0.775 m,A,Nice Napakahusay tama!,Ay naku mali pa!
96,Powerplant,Pao_D_gentleman_4,In a hydro-electric power plant the tailwater elevation is at 500m. What is the head water elevation if the head is 30m and the head loss is 5% of the gross head?,785.25 m,582.57 m,528.57m,758.25m,C,Nice Napakahusay tama!,Ay naku mali pa!
97,Powerplant,Pao_D_gentleman_4,The tailwater and the head water of a hydro-electric plant are 150m and 200m respectively. What is the power if the flow is 15m3/ and a head loss of 10% of the gross head?,6621.75 kW,621.65 kW,5621.76 kW,4621.56 kW,A,Nice Napakahusay tama!,Ay naku mali pa!
98,Powerplant,Pao_D_gentleman_4,"In a hydro-electric plant, water flows at 10m/s in a penstock of 1m3 cross-sectional area. If the net head of the plant is 30m and the turbine efficiency is 85%, what is the turbine output?",2501.55 kW,2100.21 kW,3626.34 kW,3124.65 kW,A,Nice Napakahusay tama!,Ay naku mali pa!
99,Powerplant,Pao_D_gentleman_4,A 75 MW power plant has an average load of 35000kW and load factor of 65%. Find reserve over peak.,21.15 MW,23.41 MW,25.38MW,18.75 MW,A,Nice Napakahusay tama!,Ay naku mali pa!
100,Powerplant,Pao_D_gentleman_4,A power plant is said to have/had a use factor of 48.5% and a capacity factor of 42.4%. How many hours did it operate during the year?,6600.32 hrs,7658.23 hrs,8600.32 hrs,5658.23 hrs,B,Nice Napakahusay tama!,Ay naku mali pa!
